"trait","n_lines","yr_range","slope","slope_se","intercept","R2","p_value","grand_mean","gain_pct_yr","sig_label"
"DS",100,"2006–2027",-3.00385184714441e-18,7.44072004332684e-18,1.45842843263803,0.502927963556901,0.687309608197457,1.45842843263802,-2.05964981203158e-16,"ns"
"DTE",100,"2006–2027",2.3205942416829e-05,4.04524620188995e-05,13.7585439051525,0.00334677490335474,0.567512378407827,13.8054331362216,0.000168092823947284,"ns"
"DTF",100,"2006–2027",0.08307716405246,0.019907690856968,-115.30475941181,0.150889696465713,6.50712346953323e-05,52.5584659576695,0.158066188840767,"***"
"DTM",100,"2006–2027",0.0620611246798244,0.0189803911470712,-36.8676987231834,0.0983635821664394,0.00148582472303594,88.5311479711294,0.0701008922871563,"**"
"PRT",100,"2006–2027",-0.0170573572936857,0.0130813220133559,59.065964694733,0.0170539052578083,0.195306022812961,24.6003802678304,-0.0693377789610491,"ns"
"RepP",100,"2006–2027",-0.00892741714550967,0.0154670032438198,54.6299947697964,0.00338796841935525,0.56513397255872,36.5915235080939,-0.0243975005400772,"ns"
"VegP",100,"2006–2027",0.0830244835965055,0.0195615570642738,-129.127629881046,0.155272963857621,4.985221703925e-05,38.6291509395454,0.214927021633064,"***"
"YLD",100,"2006–2027",8.67168078090103,1.73058084702346,-16639.0879570149,0.203954987108225,2.40337517124299e-06,882.650078450269,0.982459639739286,"***"
"lodging",100,"2006–2027",-0.0238571271010216,0.00936485786023701,51.3262581778062,0.0621097597628409,0.0124040362104495,3.12126287129497,-0.764342129604855,"*"
