"","Clavet.2024","Clavet.2025","Hunter.2024","Hunter.2025"
"Clavet.2024",0.908152635448863,-0.289979296706657,-0.249338128866979,-0.368835209875227
"Clavet.2025",-0.289979296706657,0.569988196575318,-0.340670013832437,0.0606611139637767
"Hunter.2024",-0.249338128866979,-0.340670013832437,0.761221607381894,-0.171213464682476
"Hunter.2025",-0.368835209875227,0.0606611139637767,-0.171213464682476,0.479387560593926
